feature,importance
Fwd_Seg_Size_Min,0.16095569576262797
Dst_Port,0.15050810090456557
Init_Fwd_Win_Byts,0.06672105010375157
Fwd_Header_Len,0.058857935049698724
Fwd_IAT_Min,0.052641137800224544
Fwd_IAT_Tot,0.04464768215381151
Fwd_IAT_Max,0.044330041537191035
Fwd_IAT_Mean,0.04280657902609707
Flow_IAT_Min,0.029982367795622602
Flow_IAT_Mean,0.029268522812649106
Fwd_Pkts_per_s,0.02641383421701605
Flow_Pkts_per_s,0.025986093304989705
Flow_IAT_Max,0.025369723704497166
Bwd_Pkts_per_s,0.020081066918304448
Tot_Fwd_Pkts,0.0179526916194445
Subflow_Fwd_Pkts,0.017840139186213397
Bwd_Seg_Size_Avg,0.01231846761620317
Tot_Bwd_Pkts,0.010889115946567957
Bwd_Pkt_Len_Mean,0.009207538237615066
Pkt_Size_Avg,0.008979272861459898
Pkt_Len_Max,0.008976193035784744
Fwd_Pkt_Len_Max,0.008378837942539219
Subflow_Bwd_Pkts,0.007370304373099472
Pkt_Len_Mean,0.007211831815568355
Bwd_Header_Len,0.007085375461966758
Flow_Byts_per_s,0.007069610873741901
ACK_Flag_Cnt,0.006513043710960517
Fwd_Pkt_Len_Mean,0.0064203587027706335
ECE_Flag_Cnt,0.005979385050849853
Fwd_Pkt_Len_Std,0.005476907916555446
TotLen_Bwd_Pkts,0.005428282312217799
Subflow_Fwd_Byts,0.005393221769926515
Flow_IAT_Std,0.004765877038939746
Subflow_Bwd_Byts,0.004655234241652722
Bwd_Pkt_Len_Max,0.004235214377107124
TotLen_Fwd_Pkts,0.004233849322436757
Fwd_Seg_Size_Avg,0.004223322364783456
Down_per_Up_Ratio,0.0038011781176377816
RST_Flag_Cnt,0.0033679254398449247
Bwd_Pkt_Len_Std,0.0031096304999315054
Init_Bwd_Win_Byts,0.0029825075693037137
Bwd_IAT_Tot,0.0029303759761567746
PSH_Flag_Cnt,0.0026368730056499728
Pkt_Len_Var,0.0025850309395332267
Fwd_IAT_Std,0.0024340571905733083
Fwd_Act_Data_Pkts,0.0021444587906651004
SYN_Flag_Cnt,0.002048364656815632
Pkt_Len_Std,0.001935988590357356
Protocol,0.0017763027012546253
Bwd_Pkt_Len_Min,0.0015857998460346717
URG_Flag_Cnt,0.0015088346451542654
Bwd_IAT_Max,0.0009817414113385532
Pkt_Len_Min,0.0008346933854926959
Fwd_PSH_Flags,0.0008234251704353566
Bwd_IAT_Min,0.0004916976890898524
Fwd_Pkt_Len_Min,0.00046623822162282714
Bwd_IAT_Mean,0.0004273005938743553
Active_Max,0.0003818591256498731
FIN_Flag_Cnt,0.00029355296239801
Bwd_IAT_Std,0.0002917078091564877
Idle_Max,0.0002751533407042262
Idle_Min,0.00023157602522102678
Active_Mean,0.00022400338407964037
Idle_Mean,0.00012165388928961087
Active_Min,6.202510407587223e-05
Active_Std,3.980545138844166e-05
Idle_Std,3.233159781807593e-05
